"DESCRIPTION","DURATION IN MS","NAME","PARENT SUITE","START TIME","STATUS","STOP TIME","SUB SUITE","SUITE","TEST CLASS","TEST METHOD"
"","36415","test_all[test1]","tests.test_order","Thu Jan 09 14:22:36 UZT 2025","passed","Thu Jan 09 14:23:12 UZT 2025","","test_runner","",""
"","26583","test_all[test4]","tests.test_order","Thu Jan 09 14:24:11 UZT 2025","passed","Thu Jan 09 14:24:37 UZT 2025","","test_runner","",""
"","36995","test_all[test23]","tests.test_order","Thu Jan 09 14:36:05 UZT 2025","passed","Thu Jan 09 14:36:42 UZT 2025","","test_runner","",""
"","36542","test_all[test26]","tests.test_order","Thu Jan 09 14:38:22 UZT 2025","passed","Thu Jan 09 14:38:58 UZT 2025","","test_runner","",""
"","63977","test_all[test28]","tests.test_order","Thu Jan 09 14:39:28 UZT 2025","passed","Thu Jan 09 14:40:32 UZT 2025","","test_runner","",""
"","29377","test_all[test27]","tests.test_order","Thu Jan 09 14:38:58 UZT 2025","passed","Thu Jan 09 14:39:28 UZT 2025","","test_runner","",""
"","26329","test_all[test9]","tests.test_order","Thu Jan 09 14:28:12 UZT 2025","passed","Thu Jan 09 14:28:38 UZT 2025","","test_runner","",""
"","31891","test_all[test3]","tests.test_order","Thu Jan 09 14:23:39 UZT 2025","passed","Thu Jan 09 14:24:11 UZT 2025","","test_runner","",""
"","62356","test_all[test6]","tests.test_order","Thu Jan 09 14:25:53 UZT 2025","passed","Thu Jan 09 14:26:55 UZT 2025","","test_runner","",""
"","38893","test_all[test33]","tests.test_order","Thu Jan 09 14:43:13 UZT 2025","passed","Thu Jan 09 14:43:52 UZT 2025","","test_runner","",""
"","33360","test_all[test15]","tests.test_order","Thu Jan 09 14:31:07 UZT 2025","passed","Thu Jan 09 14:31:41 UZT 2025","","test_runner","",""
"","32598","test_all[test16]","tests.test_order","Thu Jan 09 14:31:41 UZT 2025","passed","Thu Jan 09 14:32:13 UZT 2025","","test_runner","",""
"","57528","test_all[test8]","tests.test_order","Thu Jan 09 14:27:14 UZT 2025","passed","Thu Jan 09 14:28:12 UZT 2025","","test_runner","",""
"","53383","test_all[test31]","tests.test_order","Thu Jan 09 14:41:37 UZT 2025","passed","Thu Jan 09 14:42:30 UZT 2025","","test_runner","",""
"","24335","test_all[test0]","tests.test_order","Thu Jan 09 14:22:12 UZT 2025","passed","Thu Jan 09 14:22:36 UZT 2025","","test_runner","",""
"","39792","test_all[test19]","tests.test_order","Thu Jan 09 14:33:33 UZT 2025","passed","Thu Jan 09 14:34:13 UZT 2025","","test_runner","",""
"","33614","test_all[test30]","tests.test_order","Thu Jan 09 14:41:03 UZT 2025","passed","Thu Jan 09 14:41:37 UZT 2025","","test_runner","",""
"","31316","test_all[test29]","tests.test_order","Thu Jan 09 14:40:32 UZT 2025","passed","Thu Jan 09 14:41:03 UZT 2025","","test_runner","",""
"","18535","test_all[test20]","tests.test_order","Thu Jan 09 14:34:13 UZT 2025","passed","Thu Jan 09 14:34:32 UZT 2025","","test_runner","",""
"","27011","test_all[test13]","tests.test_order","Thu Jan 09 14:30:13 UZT 2025","passed","Thu Jan 09 14:30:40 UZT 2025","","test_runner","",""
"","28518","test_all[test10]","tests.test_order","Thu Jan 09 14:28:38 UZT 2025","passed","Thu Jan 09 14:29:07 UZT 2025","","test_runner","",""
"","36916","test_all[test25]","tests.test_order","Thu Jan 09 14:37:45 UZT 2025","passed","Thu Jan 09 14:38:22 UZT 2025","","test_runner","",""
"","42858","test_all[test32]","tests.test_order","Thu Jan 09 14:42:30 UZT 2025","passed","Thu Jan 09 14:43:13 UZT 2025","","test_runner","",""
"","31421","test_all[test17]","tests.test_order","Thu Jan 09 14:32:13 UZT 2025","passed","Thu Jan 09 14:32:45 UZT 2025","","test_runner","",""
"","27513","test_all[test14]","tests.test_order","Thu Jan 09 14:30:40 UZT 2025","passed","Thu Jan 09 14:31:07 UZT 2025","","test_runner","",""
"","26200","test_all[test2]","tests.test_order","Thu Jan 09 14:23:12 UZT 2025","passed","Thu Jan 09 14:23:39 UZT 2025","","test_runner","",""
"","34068","test_all[test21]","tests.test_order","Thu Jan 09 14:34:32 UZT 2025","passed","Thu Jan 09 14:35:06 UZT 2025","","test_runner","",""
"","19131","test_all[test7]","tests.test_order","Thu Jan 09 14:26:55 UZT 2025","passed","Thu Jan 09 14:27:14 UZT 2025","","test_runner","",""
"","63360","test_all[test24]","tests.test_order","Thu Jan 09 14:36:42 UZT 2025","passed","Thu Jan 09 14:37:45 UZT 2025","","test_runner","",""
"","75816","test_all[test5]","tests.test_order","Thu Jan 09 14:24:37 UZT 2025","passed","Thu Jan 09 14:25:53 UZT 2025","","test_runner","",""
"","58837","test_all[test22]","tests.test_order","Thu Jan 09 14:35:06 UZT 2025","passed","Thu Jan 09 14:36:05 UZT 2025","","test_runner","",""
"","39196","test_all[test11]","tests.test_order","Thu Jan 09 14:29:07 UZT 2025","passed","Thu Jan 09 14:29:46 UZT 2025","","test_runner","",""
"","26706","test_all[test12]","tests.test_order","Thu Jan 09 14:29:46 UZT 2025","passed","Thu Jan 09 14:30:13 UZT 2025","","test_runner","",""
"","48560","test_all[test18]","tests.test_order","Thu Jan 09 14:32:45 UZT 2025","passed","Thu Jan 09 14:33:33 UZT 2025","","test_runner","",""
